path	size	sha256
blobs/init_state20_before.bin	20	90f23870e1d0878242ef2ac0a75d2d4f952cadefce7a01cab0bcf3017879cf99
blobs/init_sysfunc036_raw20.bin	20	c7c72f7f1c28c9e19c65c51cb2c5cb2eabcf14f5a5224eed509602d81e0664f3
blobs/init_outbuf_prefix20.bin	20	3d68be1a9ed89274c1493f4bff2b2af44e7cbcfbfb66c5beba98cd5b7f75f05f
blobs/init_aux20_final.bin	20	26020f8372e21b4c1331680c73dc488cc51b5bc3a7d67b12e258a2b43ee7a99e
blobs/init_out40.bin	40	89f9af358d9d139e9f2349c89447cb73b79dad3f21e089d29142028c376f77e4
blobs/init_state20_after.bin	20	368786d5f93bebf9bca23a1c57dd053be211a63e9085d9151d553005051b53fb
blobs/bridge00_state20_before.bin	20	368786d5f93bebf9bca23a1c57dd053be211a63e9085d9151d553005051b53fb
blobs/bridge00_sysfunc036_raw20.bin	20	5accaa766aeb3d354446f734dad11d08f3bfd97b6abfc91d405a7b7e0a5a8b10
blobs/bridge00_outbuf_prefix20.bin	20	cfb648a40ac4b5ba625f6c833c844d04d78fcd5b3315a06277bf10d93cc6812e
blobs/bridge00_aux20_final.bin	20	08c80e3fbd8db8b9907facd0daf6c8d3f1aca36e6bb17badbd64e34eb217f0ff
blobs/bridge00_out40.bin	40	b1c804ef213adc88b96ce7b9a2a8ad27c6ef85f993a33bd7945a299b67d30941
blobs/bridge00_state20_after.bin	20	6aa40ebb8cb4f89f59001214d1f171a41d23728b750a0d23b5e9454755b31770
blobs/runtime_state20_before.bin	20	6aa40ebb8cb4f89f59001214d1f171a41d23728b750a0d23b5e9454755b31770
blobs/runtime_sysfunc036_raw20.bin	20	45e1e4a2334677cbbc25660f4e03f54f9ef6e0250e5e27f94d5afa328e04273d
blobs/runtime_outbuf_prefix20.bin	20	de47c9b27eb8d300dbb5f2c353e632c393262cf06340c4fa7f1b40c4cbd36f90
blobs/runtime_aux20_final.bin	20	45e1e4a2334677cbbc25660f4e03f54f9ef6e0250e5e27f94d5afa328e04273d
blobs/runtime_out40.bin	40	4d808a48fe23a0ffedc674bfd023d326107dcd7ded9bf29646558693f3f1969a
blobs/runtime_state20_after.bin	20	0b2ed5bc00c77a2fd80144a9034425d9546dd8dab0557085f560808217661ae6
blobs/cgr_output32.bin	32	ef0fa57e70205a1ea6049733a1609ba36b4b4923254b8d810488115e3a5870e8
