state,i,j,outbuf,offset,length,key_hex
prga_001,00,00,ioctl_01/V17_1_IOCTL_OUTBUF_100.bin,0,256,2d8b854d7da340c86f29d1358204b24121a8944a721f053b8ce4946aab5ca44eaaa2e6bb65ced57ec7c5fa8cb156113cd94e61ce719cfaff38f6617f7ed35339141c38443499e849dc0eb9824dbe35c0b2290561c19ce72e805b25974732da7a7376ded29a1016c4eb8ad7de0771ea2743ab1458c6754fb9530d9879ca974a0b6d0fa0790622a44819d78cea2074d418b52aed21b65611a51f30e81cd1a251597755e304a2d1b36f890df5de0f5a458c421e2d48f4b797c225375cf36798de9518b4b9c50fff6ea16b5b6814184bb092d7caf96799bea4fc2759fb8fa26863ab955969126bd7a2b885d8a1437fb1967b3aab9f86a10d23d926d7ff6ba35ff72a
prga_002,00,00,ioctl_02/V17_1_IOCTL_OUTBUF_100.bin,0,256,2cd26a752166b6519507fafa961801321ed28f9604e8e95228aaa4577b9d9ef530221d2ec8a8bd60d45ffb9236e58886c01fc2aa44aeda376c5bdacc9367e0d047a5321b4cd796e7ad5f9957396af0c3a2c7b41854186038526c6f73a4cd59e8d782adb3e04eb461abe642f7eeadf0bbfd2b44c4d7094549a9ab05be2c90cb919c389a4c4735e29dbb5aff74aed337309d92c82aad2be8f90bee9852b30ca990c94dd8f2aad2638a696772fc2b96c5b54781a3a03fdf8d2491d2f38b589d76cd333a0c7d93e5d9711fa710fc20616c32f5093c9a21e33145be32f755a120d067b56c516a35baccb7ae8aad1dc2ca95f6731e5eb5b1d9a67dc614f229dbe9db47
prga_003,00,00,ioctl_03/V17_1_IOCTL_OUTBUF_100.bin,0,256,e13c982ce5ebb342fd25a623911ae6d3808d347235b19a694412a9943e71ca930778176d1f1e00ad6c8f253237bfcd4111270d6e85ef993fa9fd2e41a361672119cefa80a01cb67b467bafcf05e7c23d1df5c760f568979185dff9c17ec51914214dda87d352796acfbc4df829a6eb209deec421178bbdd772fedbd865010f04d03707c0c2c496f8c157eb6161f329d92f853fe051c69e8d2512674571741a903c10629b53245f36f731bfe43dc17bccdf8056e2bab612fda91fe2daeb4e0f3f5532cee42c13d307b0b707f6e431305599b96c68d58241370e628a8fba01739bf675976d863f9cc69b6359b37670e59c8423d2d20c69628f1bbdee0b0bff5e7c
prga_004,00,00,ioctl_04/V17_1_IOCTL_OUTBUF_100.bin,0,256,c6a3792f087e8828761f72290fc7f04c0c771099565c6f67d10eab07fdd9a248705bad18b2ba6a904fcc6e67c8372ca3085fc17b7cbfd11fba8f2d38d4525c698f12403b745d1a653edea4d87e959b4ccba8cbc4b24646b94b9f13c4a8347617698bb9064e8249a170449f54b16342d54cb76d78e7df2e9038c57c4ff4b7b93349b2902ae07fe0555a093b58c59af42c2dcfc75936812eb3f64eecbfa815440aaebf126ccc700dbfab567f2f407477bacb273601fa5168a8fbb26e2a851aff14c28363dfdf76dbc5d92f3ba6cc5ea1b292b70ced12aca977bff470dd4824e3152abfb719224e35fbed30495bec604f1dbb2c11b6a0ee83c4354821fc6040b39e
prga_005,00,00,ioctl_05/V17_1_IOCTL_OUTBUF_100.bin,0,256,4d462498a20720b6bb45850e0829977923ead3e4fee373e7d8f94465607411c884160f515a883413dc2427079df6302091bf024ef1b4f4feb1194d6e5fb8e33256339cd91039c89d08a169ea3161041d3a74786c215ec5e4ce417ba5984aabf7504a12707cf0559a406c8f1857f034eecf33071706f45a4607c49706cfffab95e45b0a4d4faa6e14732af7ed434280b6118231dc6501d07a93d1b66d50d8b2586fb4689a3a260e6f19a77889514d6c4dfe33a2e7ceb37fe655069a4d3cea23e7ad2b51e929805c06195da13bafbb3650ca04398997512863a25aa98167b1ca5e2afd4654917f63e3e3c0232e5ea2856ede2a507d93f7f208d70594315975db73
prga_006,00,00,ioctl_06/V17_1_IOCTL_OUTBUF_100.bin,0,256,53b0dce853cfe102e7b5ff65d4e51938d12cc113ada3d3178fe075a4bf37a0789c17f0812d0cc1503c0ea946c29f57fc53e43118866655508b3888e5e5ff8fdcf14996dc3a4c15165e394713e2951aba285ff7d0d4cbfc8b6089863a3b9e52f073621f47dfda5dee87d21c8a6cc2d09f50b9e6ed346c1c1cc12ff766472cadfb5d8f0307c23313e9d0ba886e1dd88d0cfb57258a8078ba1f4259382d8c53561148aba8e51822958d9854015fca7023841b38cb74dd3f6a0c354d17d84644cf3902d00418645d7138cc1045ab8ff9e1e29bc115106eb82858966dbbc3699fdefb928d0adfc48b8504c46e96f2b6178cf31c0bc6c4704c7ed4f4cca3934fc0d5da
prga_007,00,00,ioctl_07/V17_1_IOCTL_OUTBUF_100.bin,0,256,7840cc2fe54e67075cb432c771d90742ad6b340e9fc7b27ecf6d1d5e13a9cd029aa1a73bbbd8851a9eb938b2e508d4f8dd1ed8d3178f850397b67644c2e6a9cf582c2c0f75fa7c2adee1a7442ab831a8ae847c6a90fdfa27caaaeae5d2bf2ee8f7e11a19127a9b8cb5a1fbf8f09bdd35f2ab3fa06e8d75d3b697f614d380c83e36454f3db87f96aca06a566e44c4c90af59f23ddc3be536986865964f163e1b730298d5a66948956f7b53f41c3c732d79133ded20bfbe75c7fefbd059988a408cefe1944b0f011a060c84282159158dba64a8c1a1db845a926267394380e22212ddab18dfed0c6588f8cfe50b8082599012e8330e75bbce6be4444b087b444c5
prga_008,00,00,ioctl_08/V17_1_IOCTL_OUTBUF_100.bin,0,256,e856720533d93b4320446af05d3b981344c6f243a89421e767df880a56b82920e349929cf3f95aa8b02b8afc2a32be0f717011c97b3ffa774fa4fda4c7da5c857257e155202e87fc47d2dfc6c42b4210ce29503e7f9e89fab4bdf923799c7c062888b3fa7736501c02562a9222cce27e52d6234ade60ec6e7133334fafa869a924fad651d38199e1fef92c2af881cce697c1ff2e2578c2dc08b60f15bcfa483d4d86d9033209901abef3ce6a7fc238e766486781b43df68806205444e084639c51548821d26529de61bacd48c30efbf68d27694c28ad8712bd3221e5c66cca112b44bc552e99e5f107f7f295a537aaee5fc03e0eda5314aeeb07a35e1270bc6d
prga_010,00,00,ioctl_02/V17_1_IOCTL_OUTBUF_100.bin,0,256,2cd26a752166b6519507fafa961801321ed28f9604e8e95228aaa4577b9d9ef530221d2ec8a8bd60d45ffb9236e58886c01fc2aa44aeda376c5bdacc9367e0d047a5321b4cd796e7ad5f9957396af0c3a2c7b41854186038526c6f73a4cd59e8d782adb3e04eb461abe642f7eeadf0bbfd2b44c4d7094549a9ab05be2c90cb919c389a4c4735e29dbb5aff74aed337309d92c82aad2be8f90bee9852b30ca990c94dd8f2aad2638a696772fc2b96c5b54781a3a03fdf8d2491d2f38b589d76cd333a0c7d93e5d9711fa710fc20616c32f5093c9a21e33145be32f755a120d067b56c516a35baccb7ae8aad1dc2ca95f6731e5eb5b1d9a67dc614f229dbe9db47
prga_011,00,00,ioctl_03/V17_1_IOCTL_OUTBUF_100.bin,0,256,e13c982ce5ebb342fd25a623911ae6d3808d347235b19a694412a9943e71ca930778176d1f1e00ad6c8f253237bfcd4111270d6e85ef993fa9fd2e41a361672119cefa80a01cb67b467bafcf05e7c23d1df5c760f568979185dff9c17ec51914214dda87d352796acfbc4df829a6eb209deec421178bbdd772fedbd865010f04d03707c0c2c496f8c157eb6161f329d92f853fe051c69e8d2512674571741a903c10629b53245f36f731bfe43dc17bccdf8056e2bab612fda91fe2daeb4e0f3f5532cee42c13d307b0b707f6e431305599b96c68d58241370e628a8fba01739bf675976d863f9cc69b6359b37670e59c8423d2d20c69628f1bbdee0b0bff5e7c
